submission_ID,city_id,date,,avg_temp_c,,avg_temp_c,,avg_temp_c,,avg_temp_c,,avg_temp_c
1,C001,1/1/2019,,10.04774621,,10.56785731,,10.33912206,,10.27425156,,10.10191999
2,C001,1/2/2019,,9.632421856,,10.11159993,,10.06158788,,9.901594519,,9.688222839
3,C001,1/3/2019,,9.368871533,,9.675822158,,10.06436514,,9.908330618,,9.320407555
4,C001,1/4/2019,,9.145540874,,9.362521561,,10.13817486,,9.772287238,,8.920778749
5,C001,1/5/2019,,8.971707038,,9.185535049,,9.996986297,,9.807725235,,8.735374791
6,C001,1/6/2019,,8.982492412,,9.149033864,,9.816319979,,9.813880061,,8.614048853
7,C001,1/7/2019,,8.892330303,,9.188975684,,9.880492597,,9.710139257,,8.605166151
8,C002,1/1/2019,,14.06647901,,14.0374246,,14.40355824,,14.58830983,,14.57184262
9,C002,1/2/2019,,13.9256611,,13.96227771,,14.46316397,,14.56021478,,14.73273377
10,C002,1/3/2019,,13.82433463,,13.80168999,,14.57584132,,14.63173601,,14.75002261
11,C002,1/4/2019,,13.67665092,,13.62722133,,14.69036899,,14.59253372,,14.69418742
12,C002,1/5/2019,,13.5898414,,13.57038988,,14.64175746,,14.65238904,,14.66042779
13,C002,1/6/2019,,13.60512226,,13.57350389,,14.57513778,,14.69587471,,14.67181883
14,C002,1/7/2019,,13.57261978,,13.61642049,,14.61473066,,14.62647778,,14.68229751
15,C003,1/1/2019,,27.22953889,,27.30081767,,26.61103268,,26.96576487,,26.65875177
16,C003,1/2/2019,,27.24512795,,27.2848181,,26.59452263,,26.95217308,,26.4754849
17,C003,1/3/2019,,27.31463792,,27.27933974,,26.43746657,,26.78486949,,26.47568242
18,C003,1/4/2019,,27.21747912,,27.26351092,,26.29946757,,26.72388941,,26.58887531
19,C003,1/5/2019,,27.25340142,,27.30548213,,26.26508384,,26.74258295,,26.48904813
20,C003,1/6/2019,,27.20625348,,27.23776298,,26.29248516,,26.72494129,,26.55097419
21,C003,1/7/2019,,27.26310218,,27.18779198,,26.18203741,,26.63821506,,26.44228156
22,C004,1/1/2019,,-0.6096163,,-0.073726955,,-0.214096265,,-1.448181506,,-0.240388589
23,C004,1/2/2019,,-0.665368497,,0.39191229,,-0.058623385,,-1.727806368,,-0.230962096
24,C004,1/3/2019,,-0.742553412,,0.435917663,,0.430859342,,-1.397731563,,-0.40324845
25,C004,1/4/2019,,-0.817965356,,0.484981358,,0.799546832,,-1.451734588,,-0.65037321
26,C004,1/5/2019,,-0.915587031,,0.468948466,,0.755635463,,-1.283928257,,-0.583422739
27,C004,1/6/2019,,-0.754463254,,0.658615883,,0.570726509,,-1.20691469,,-0.36825429
28,C004,1/7/2019,,-0.881681642,,0.944394976,,0.777454903,,-1.230560646,,-0.263728738
29,C005,1/1/2019,,25.2237467,,25.28055911,,24.61576943,,24.68961783,,24.61327002
30,C005,1/2/2019,,25.10983035,,25.2027483,,24.58147316,,24.62628767,,24.40617335
31,C005,1/3/2019,,25.09473095,,25.14295873,,24.44700582,,24.47909123,,24.37262731
32,C005,1/4/2019,,24.96735251,,25.07197266,,24.34362258,,24.4083967,,24.42939094
33,C005,1/5/2019,,24.95920934,,25.08957029,,24.30502358,,24.4383254,,24.32497961
34,C005,1/6/2019,,24.89636526,,25.03881573,,24.30768482,,24.43526494,,24.33750702
35,C005,1/7/2019,,24.93195021,,24.99949088,,24.21599486,,24.35085368,,24.24245675
36,C007,1/1/2019,,19.03691902,,20.27436726,,19.45303125,,20.02646191,,19.4181836
37,C007,1/2/2019,,18.88727969,,20.27267104,,19.42172839,,19.91817475,,19.32836181
38,C007,1/3/2019,,18.8048266,,20.21660083,,19.38044836,,19.83370853,,19.27658957
39,C007,1/4/2019,,18.66529378,,20.11249294,,19.37933345,,19.75450299,,19.24302323
40,C007,1/5/2019,,18.60955382,,20.12197142,,19.32895286,,19.79552131,,19.15212412
41,C007,1/6/2019,,18.57892188,,20.12379861,,19.28660581,,19.81419328,,19.1440574
42,C007,1/7/2019,,18.5845324,,20.1327469,,19.26317345,,19.73422605,,19.08220013
43,C008,1/1/2019,,2.994155063,,3.638878636,,3.037362004,,2.801594966,,2.783990199
44,C008,1/2/2019,,2.623654144,,3.50202671,,2.749417269,,2.511133565,,2.556158693
45,C008,1/3/2019,,2.384790952,,3.20549794,,2.9008849,,2.746555527,,2.259359814
46,C008,1/4/2019,,2.20369567,,3.027509522,,3.083444965,,2.694537278,,1.844503688
47,C008,1/5/2019,,2.039348418,,2.863652514,,2.927212921,,2.830739512,,1.775066298
48,C008,1/6/2019,,2.124349873,,2.907018903,,2.674639549,,2.866934294,,1.814331057
49,C008,1/7/2019,,1.973715181,,3.070316652,,2.817657606,,2.823069331,,1.83403959
50,C009,1/1/2019,,18.68599902,,18.7612282,,18.81096353,,19.15663188,,17.78577028
51,C009,1/2/2019,,18.84073317,,18.97263591,,18.90311805,,19.17445801,,18.01098955
52,C009,1/3/2019,,18.92294024,,19.03841474,,18.9479913,,19.1634048,,18.11767152
53,C009,1/4/2019,,18.86633209,,19.0128341,,18.99014338,,19.13277844,,18.17247484
54,C009,1/5/2019,,18.8861772,,19.06007778,,18.96651661,,19.18059447,,18.15586298
55,C009,1/6/2019,,18.90726299,,19.08975247,,18.94756557,,19.21905009,,18.19622008
56,C009,1/7/2019,,18.93759897,,19.13470018,,18.92662395,,19.14121425,,18.15746497
57,C010,1/1/2019,,18.14320029,,17.73661927,,17.76399501,,18.42020973,,16.95294268
58,C010,1/2/2019,,18.2618377,,17.90948987,,17.88426579,,18.53385938,,17.12949175
59,C010,1/3/2019,,18.32216742,,17.94071677,,17.96545953,,18.58206039,,17.18200426
60,C010,1/4/2019,,18.24679578,,17.88330568,,18.0343947,,18.58076268,,17.16210534
61,C010,1/5/2019,,18.24858786,,17.90915447,,18.00913239,,18.6448835,,17.12344446
62,C010,1/6/2019,,18.26886793,,17.92700688,,17.98763319,,18.69861485,,17.12879878
63,C010,1/7/2019,,18.286726,,17.96693398,,17.98409253,,18.63141829,,17.09169669
64,C011,1/1/2019,,-1.755091079,,0.013512727,,-0.945662089,,-1.748351411,,-1.248475981
65,C011,1/2/2019,,-1.932511909,,0.09965531,,-1.20649584,,-1.98684097,,-1.195396329
66,C011,1/3/2019,,-2.059373324,,-0.090646332,,-0.948072854,,-1.641266355,,-1.388048049
67,C011,1/4/2019,,-2.160727757,,-0.170826258,,-0.721613318,,-1.647668088,,-1.717749221
68,C011,1/5/2019,,-2.288107974,,-0.306854765,,-0.880941516,,-1.448838339,,-1.65725165
69,C011,1/6/2019,,-2.142679153,,-0.205018416,,-1.168658978,,-1.366819996,,-1.451967811
70,C011,1/7/2019,,-2.304854813,,0.03117699,,-0.981440402,,-1.395763447,,-1.423386094
71,C012,1/1/2019,,6.754526153,,7.564626254,,7.422313815,,6.573147671,,7.29120798
72,C012,1/2/2019,,5.926711812,,6.734157217,,6.530147775,,5.497579107,,6.38600882
73,C012,1/3/2019,,5.432418266,,6.037457041,,6.230709668,,5.22681553,,5.794590981
74,C012,1/4/2019,,5.117026991,,5.613448103,,6.156520954,,4.89215123,,5.209348793
75,C012,1/5/2019,,4.862761562,,5.316953841,,5.864662594,,4.88445963,,4.932056161
76,C012,1/6/2019,,4.841877394,,5.234001416,,5.516818815,,4.825135314,,4.731766388
77,C012,1/7/2019,,4.68014914,,5.275838767,,5.564560515,,4.633471222,,4.693439281
78,C013,1/1/2019,,4.93330438,,5.804250697,,4.693121575,,4.887304713,,5.254638082
79,C013,1/2/2019,,4.656793522,,5.574190484,,4.381076336,,4.451651283,,4.835150814
80,C013,1/3/2019,,4.465492354,,5.239779635,,4.48544006,,4.55844124,,4.436237146
81,C013,1/4/2019,,4.299387599,,5.019598082,,4.630579733,,4.450882599,,3.944633993
82,C013,1/5/2019,,4.155682962,,4.84714157,,4.471632306,,4.540721051,,3.786312462
83,C013,1/6/2019,,4.235552322,,4.860209198,,4.229326695,,4.554275354,,3.729064544
84,C013,1/7/2019,,4.114488165,,4.980692677,,4.350263532,,4.470687515,,3.704777224
85,C014,1/1/2019,,2.941034954,,4.460535175,,3.402753435,,3.285305424,,3.960252795
86,C014,1/2/2019,,2.656473142,,4.248434323,,3.124644523,,2.920012756,,3.505064558
87,C014,1/3/2019,,2.457629114,,3.908328549,,3.28495321,,3.104321994,,3.065512972
88,C014,1/4/2019,,2.288764951,,3.694097752,,3.451836168,,3.03275228,,2.560673224
89,C014,1/5/2019,,2.117707777,,3.522959664,,3.304878308,,3.145857107,,2.410257476
90,C014,1/6/2019,,2.217254732,,3.557195849,,3.05950867,,3.174604222,,2.388160787
91,C014,1/7/2019,,2.095014941,,3.701738185,,3.200276601,,3.109401734,,2.354464822
92,C015,1/1/2019,,24.56010172,,24.8906745,,24.34829359,,24.34178952,,24.25589741
93,C015,1/2/2019,,24.64080818,,24.9278117,,24.3899822,,24.40426235,,24.16695437
94,C015,1/3/2019,,24.72432225,,24.93727032,,24.30729631,,24.33011885,,24.19910702
95,C015,1/4/2019,,24.65091055,,24.90316383,,24.23207119,,24.30786509,,24.28233907
96,C015,1/5/2019,,24.68502238,,24.94768265,,24.21338479,,24.37461387,,24.20182716
97,C015,1/6/2019,,24.65292923,,24.92170685,,24.23107166,,24.38028143,,24.2354547
98,C015,1/7/2019,,24.70776579,,24.89979221,,24.14751,,24.31745163,,24.14874751
99,C016,1/1/2019,,20.12353868,,20.09220224,,20.53036862,,20.63938015,,20.1453759
100,C016,1/2/2019,,20.04472359,,19.98979057,,20.55695827,,20.51666201,,20.08822005
101,C016,1/3/2019,,20.00919025,,19.8672478,,20.52910776,,20.4090818,,20.06196461
102,C016,1/4/2019,,19.88498844,,19.72885672,,20.52267405,,20.32359635,,20.04927545
103,C016,1/5/2019,,19.85588666,,19.70637368,,20.48955207,,20.350912,,19.96615495
104,C016,1/6/2019,,19.83259157,,19.67772466,,20.4704608,,20.36305268,,19.95999336
105,C016,1/7/2019,,19.84620894,,19.67102173,,20.42927344,,20.26982387,,19.8861167
106,C017,1/1/2019,,26.25012782,,26.32972171,,25.91147374,,25.99578326,,25.9183205
107,C017,1/2/2019,,26.29831157,,26.31136135,,25.93629116,,26.00738789,,25.7827043
108,C017,1/3/2019,,26.3768869,,26.2963857,,25.81587492,,25.87433595,,25.80652041
109,C017,1/4/2019,,26.29171172,,26.26446389,,25.70504996,,25.82979036,,25.91234654
110,C017,1/5/2019,,26.33080572,,26.30195866,,25.68400932,,25.87230001,,25.82548168
111,C017,1/6/2019,,26.28934914,,26.24852322,,25.7123358,,25.86077153,,25.88280278
112,C017,1/7/2019,,26.34665834,,26.20769373,,25.60951182,,25.78122226,,25.78236993
113,C018,1/1/2019,,-0.56845125,,1.382588871,,0.955360027,,-0.324792707,,0.849833758
114,C018,1/2/2019,,-1.037104545,,0.841816122,,0.333669605,,-0.907195763,,0.238302815
115,C018,1/3/2019,,-1.333354875,,0.256998733,,0.348094924,,-0.761174365,,-0.358441075
116,C018,1/4/2019,,-1.536185113,,-0.056725474,,0.4277263,,-0.873554534,,-0.953981963
117,C018,1/5/2019,,-1.759603231,,-0.314453551,,0.200995464,,-0.761612253,,-1.101350343
118,C018,1/6/2019,,-1.661887552,,-0.283544363,,-0.143051302,,-0.723098329,,-1.088799138
119,C018,1/7/2019,,-1.825146034,,-0.116124755,,0.002542917,,-0.811558863,,-1.191450577
120,C020,1/1/2019,,25.5570307,,25.5934123,,25.06044716,,25.62418048,,25.5718237
121,C020,1/2/2019,,25.44536805,,25.5183371,,24.96366557,,25.52932892,,25.35873701
122,C020,1/3/2019,,25.43376758,,25.46357967,,24.78430696,,25.3382937,,25.34268389
123,C020,1/4/2019,,25.29717327,,25.39772511,,24.65306905,,25.25633366,,25.4088389
124,C020,1/5/2019,,25.29435258,,25.41332725,,24.59630126,,25.27748735,,25.30009986
125,C020,1/6/2019,,25.23376874,,25.3398037,,24.59105315,,25.2587593,,25.31547592
126,C020,1/7/2019,,25.26230405,,25.28849761,,24.48834697,,25.15640415,,25.22091768
127,C022,1/1/2019,,-4.428564441,,-4.926735915,,-3.438249593,,-5.073409385,,-3.142572802
128,C022,1/2/2019,,-4.401796151,,-4.762922933,,-3.444925007,,-5.216998601,,-3.621434363
129,C022,1/3/2019,,-4.427348349,,-4.97647191,,-2.963160057,,-4.719621989,,-4.16594344
130,C022,1/4/2019,,-4.472010554,,-5.039665824,,-2.632963881,,-4.669436206,,-4.653322401
131,C022,1/5/2019,,-4.58897903,,-5.150608579,,-2.716255431,,-4.465949136,,-4.675311998
132,C022,1/6/2019,,-4.378602362,,-4.935500816,,-2.963581286,,-4.350663198,,-4.483195739
133,C022,1/7/2019,,-4.514645147,,-4.59816754,,-2.719544351,,-4.348421401,,-4.544964138
134,C023,1/1/2019,,27.0930255,,27.29522151,,26.76426971,,26.97965949,,26.79872306
135,C023,1/2/2019,,27.0269282,,27.22405994,,26.71252336,,26.92576296,,26.53703197
136,C023,1/3/2019,,27.04929262,,27.18398009,,26.53302792,,26.74041493,,26.49967108
137,C023,1/4/2019,,26.93281557,,27.14343082,,26.38334337,,26.67578241,,26.5704019
138,C023,1/5/2019,,26.9491751,,27.17143067,,26.34419582,,26.70641077,,26.45765167
139,C023,1/6/2019,,26.88737219,,27.09763106,,26.36342363,,26.68138333,,26.49628101
140,C023,1/7/2019,,26.93730214,,27.04213172,,26.24741601,,26.58871883,,26.39112838
141,C024,1/1/2019,,7.405130278,,8.070203748,,7.796677192,,7.47933208,,7.279808611
142,C024,1/2/2019,,6.647005588,,7.339040114,,6.947591962,,6.374983083,,6.48960505
143,C024,1/3/2019,,6.20089758,,6.712728069,,6.660131522,,6.067920011,,5.923969062
144,C024,1/4/2019,,5.897686258,,6.317887474,,6.592381429,,5.719525302,,5.323701839
145,C024,1/5/2019,,5.65574476,,6.040278326,,6.303857207,,5.689896461,,5.048083416
146,C024,1/6/2019,,5.639497684,,5.965908746,,5.96914769,,5.620410285,,4.854509513
147,C024,1/7/2019,,5.47791817,,6.008345813,,6.018206624,,5.412863231,,4.793236118
148,C025,1/1/2019,,6.484417028,,7.764891039,,6.8263279,,6.589654148,,7.215841253
149,C025,1/2/2019,,5.503252613,,6.776161156,,5.620639938,,5.417846588,,6.079910768
150,C025,1/3/2019,,4.932420275,,5.984075152,,5.151710583,,5.092188741,,5.335506969
151,C025,1/4/2019,,4.57215499,,5.507993228,,4.981278114,,4.709589974,,4.632312246
152,C025,1/5/2019,,4.280898727,,5.161620181,,4.604533721,,4.69208754,,4.269443432
153,C025,1/6/2019,,4.243930501,,5.044275693,,4.180578328,,4.621733917,,4.024631863
154,C025,1/7/2019,,4.050956315,,5.065886898,,4.218859028,,4.405952663,,3.921675806
155,C027,1/1/2019,,-10.54707473,,-10.12640469,,-9.244797941,,-9.652621679,,-7.214917735
156,C027,1/2/2019,,-10.52661774,,-9.90384807,,-9.262639501,,-9.931377904,,-7.563226771
157,C027,1/3/2019,,-10.54174154,,-10.14836335,,-8.635631356,,-9.437897068,,-8.061533895
158,C027,1/4/2019,,-10.54693432,,-10.1622544,,-8.313752674,,-9.468011393,,-8.47008824
159,C027,1/5/2019,,-10.70326275,,-10.30374223,,-8.451903986,,-9.295873778,,-8.382503484
160,C027,1/6/2019,,-10.43705297,,-10.0154072,,-8.760384244,,-9.105421018,,-8.078330711
161,C027,1/7/2019,,-10.56907147,,-9.57535347,,-8.430811583,,-9.139500135,,-8.137586013
162,C028,1/1/2019,,25.8658364,,26.03617784,,25.80057858,,25.71648919,,25.8064151
163,C028,1/2/2019,,25.91470435,,25.98360271,,25.80391688,,25.72413677,,25.67522181
164,C028,1/3/2019,,25.98927146,,25.94375906,,25.67148846,,25.59175177,,25.69736372
165,C028,1/4/2019,,25.89999464,,25.89452223,,25.55663446,,25.54555934,,25.7932856
166,C028,1/5/2019,,25.93751023,,25.92134407,,25.53015651,,25.58720393,,25.70124343
167,C028,1/6/2019,,25.90015707,,25.85986125,,25.5529838,,25.57398101,,25.7576477
168,C028,1/7/2019,,25.95501445,,25.81405613,,25.44887353,,25.49115294,,25.65684836
169,C029,1/1/2019,,25.44646455,,25.36180282,,24.8244588,,25.02009483,,24.75900346
170,C029,1/2/2019,,25.35880305,,25.30572577,,24.70832208,,24.93271711,,24.59981864
171,C029,1/3/2019,,25.35768096,,25.26019374,,24.52009921,,24.75692408,,24.59754472
172,C029,1/4/2019,,25.23069103,,25.19899293,,24.38556345,,24.67608078,,24.66823152
173,C029,1/5/2019,,25.23142699,,25.21935711,,24.32378256,,24.69380097,,24.57061163
174,C029,1/6/2019,,25.17364005,,25.15652195,,24.31219102,,24.6849736,,24.5911412
175,C029,1/7/2019,,25.20758173,,25.11214771,,24.20900353,,24.58582883,,24.50036926
176,C030,1/1/2019,,27.74301622,,27.7500498,,26.95810659,,27.33368605,,27.08357997
177,C030,1/2/2019,,27.74505157,,27.74588808,,26.91907386,,27.32149837,,26.89976395
178,C030,1/3/2019,,27.8105908,,27.75241356,,26.74193326,,27.14532992,,26.90748886
179,C030,1/4/2019,,27.7080762,,27.74691378,,26.58999025,,27.08495432,,27.02451446
180,C030,1/5/2019,,27.74450123,,27.7935328,,26.54925298,,27.10524115,,26.92170416
181,C030,1/6/2019,,27.69395729,,27.71945356,,26.57435717,,27.08547669,,26.9809904
182,C030,1/7/2019,,27.75059538,,27.6645813,,26.45794022,,26.99603745,,26.87716155
183,C031,1/1/2019,,-0.465491623,,1.431637097,,-0.012949754,,-0.032292984,,0.4730144
184,C031,1/2/2019,,-0.855179894,,1.275566881,,-0.643170664,,-0.591336852,,0.094284041
185,C031,1/3/2019,,-1.100474567,,0.945855,,-0.613337159,,-0.449684815,,-0.312493764
186,C031,1/4/2019,,-1.267076705,,0.777736912,,-0.52399847,,-0.573356072,,-0.754534648
187,C031,1/5/2019,,-1.44168696,,0.593056421,,-0.773689872,,-0.434377771,,-0.796281566
188,C031,1/6/2019,,-1.336239225,,0.648276727,,-1.138121043,,-0.404420514,,-0.692866203
189,C031,1/7/2019,,-1.509864231,,0.841682852,,-0.98325383,,-0.49201955,,-0.714419102
190,C033,1/1/2019,,-0.33477608,,1.507141854,,0.570783624,,0.104012772,,0.447926268
191,C033,1/2/2019,,-0.63047072,,1.4347511,,0.210475503,,-0.385218884,,0.236372776
192,C033,1/3/2019,,-0.828650777,,1.158450856,,0.377426286,,-0.20785279,,-0.067713133
193,C033,1/4/2019,,-0.971202388,,1.01747945,,0.557090102,,-0.310840974,,-0.44536662
194,C033,1/5/2019,,-1.123992013,,0.856411598,,0.375941274,,-0.164426905,,-0.451412569
195,C033,1/6/2019,,-1.007163947,,0.924413952,,0.078643821,,-0.128282099,,-0.319303637
196,C033,1/7/2019,,-1.167545219,,1.123830329,,0.240339947,,-0.200501506,,-0.294208366
197,C034,1/1/2019,,7.330917766,,8.200987117,,8.033745995,,7.333288073,,7.725333562
198,C034,1/2/2019,,6.529307696,,7.402433934,,7.177329709,,6.278086065,,6.858970791
199,C034,1/3/2019,,6.051665796,,6.733665783,,6.882977291,,5.999454781,,6.287725552
200,C034,1/4/2019,,5.74136259,,6.318858443,,6.809338318,,5.667753365,,5.715518864
201,C034,1/5/2019,,5.493544111,,6.033920619,,6.522697728,,5.652053649,,5.446975665
202,C034,1/6/2019,,5.470000487,,5.952918463,,6.18800368,,5.591819049,,5.250324646
203,C034,1/7/2019,,5.313901713,,5.988802677,,6.230183726,,5.40010974,,5.214436862
204,C035,1/1/2019,,28.11173584,,28.31353145,,27.49047141,,27.81046884,,27.59425386
205,C035,1/2/2019,,28.06397689,,28.24357585,,27.420423,,27.77644327,,27.34637648
206,C035,1/3/2019,,28.10605579,,28.21249532,,27.21597924,,27.58204356,,27.31735449
207,C035,1/4/2019,,27.99048249,,28.18924501,,27.04366671,,27.51011628,,27.42029389
208,C035,1/5/2019,,28.01712346,,28.22336042,,26.99597736,,27.52350459,,27.30235921
209,C035,1/6/2019,,27.95733626,,28.13580065,,27.01888022,,27.49981282,,27.36138962
210,C035,1/7/2019,,28.01124469,,28.06926427,,26.89598954,,27.40964893,,27.24952349
211,C036,1/1/2019,,-1.805957492,,-1.434230963,,-1.323307247,,-1.846509737,,-1.617270564
212,C036,1/2/2019,,-1.66877239,,-1.261855366,,-1.094836758,,-1.601939721,,-1.10661214
213,C036,1/3/2019,,-1.645378695,,-1.42645369,,-0.523547492,,-0.978132443,,-1.060755262
214,C036,1/4/2019,,-1.679543485,,-1.497075043,,-0.141935164,,-0.810610502,,-1.245353648
215,C036,1/5/2019,,-1.772359101,,-1.5816398,,-0.167200592,,-0.553010935,,-1.104796332
216,C036,1/6/2019,,-1.569928674,,-1.406739207,,-0.341936978,,-0.429605029,,-0.794144482
217,C036,1/7/2019,,-1.667615794,,-1.129672659,,-0.116360358,,-0.366066039,,-0.686701262
218,C037,1/1/2019,,6.127539426,,7.639117205,,6.957827596,,6.415323523,,6.967596784
219,C037,1/2/2019,,5.156077565,,6.661696258,,5.801378247,,5.2715408,,5.921314366
220,C037,1/3/2019,,4.587917772,,5.875852539,,5.35688733,,4.962207374,,5.230121109
221,C037,1/4/2019,,4.233640131,,5.405946265,,5.200585081,,4.591699316,,4.571493399
222,C037,1/5/2019,,3.945706105,,5.064961146,,4.833813351,,4.581472011,,4.245771297
223,C037,1/6/2019,,3.910865444,,4.952439376,,4.420514822,,4.517756915,,4.026259665
224,C037,1/7/2019,,3.719912921,,4.977420415,,4.458045877,,4.308878348,,3.951518832
225,C038,1/1/2019,,28.46836535,,28.7075867,,27.89857002,,27.8081497,,27.88283758
226,C038,1/2/2019,,28.48219452,,28.65477954,,27.85330572,,27.82617391,,27.65891196
227,C038,1/3/2019,,28.56069488,,28.63751985,,27.65880071,,27.66492043,,27.65295169
228,C038,1/4/2019,,28.46431369,,28.6264477,,27.48726876,,27.61838768,,27.7677926
229,C038,1/5/2019,,28.5096827,,28.66748305,,27.44825328,,27.65587768,,27.66086283
230,C038,1/6/2019,,28.4562312,,28.5822222,,27.47930288,,27.62772493,,27.73707677
231,C038,1/7/2019,,28.51905327,,28.51620164,,27.35380511,,27.54638543,,27.63538262
232,C039,1/1/2019,,12.11115341,,12.56629881,,12.6214745,,13.02246218,,12.17852868
233,C039,1/2/2019,,11.96014271,,12.35159919,,12.51402057,,12.76712226,,12.23473007
234,C039,1/3/2019,,11.84544102,,12.08954102,,12.55731318,,12.76164212,,12.13727023
235,C039,1/4/2019,,11.70045187,,11.86561719,,12.64589152,,12.64301609,,11.95002726
236,C039,1/5/2019,,11.60827524,,11.75528248,,12.55101973,,12.67006044,,11.88110926
237,C039,1/6/2019,,11.63954675,,11.73859454,,12.42888584,,12.6891407,,11.85297793
238,C039,1/7/2019,,11.59368631,,11.77905754,,12.47202555,,12.59062659,,11.8625954
239,C040,1/1/2019,,28.16533846,,28.20290878,,27.47004893,,27.75142177,,27.65244359
240,C040,1/2/2019,,28.09427148,,28.12187509,,27.36634441,,27.71626638,,27.38791992
241,C040,1/3/2019,,28.12440663,,28.08328739,,27.14214393,,27.52319878,,27.35329702
242,C040,1/4/2019,,28.00264638,,28.05381741,,26.96019191,,27.45493822,,27.447744
243,C040,1/5/2019,,28.02499592,,28.08445886,,26.90457953,,27.47327835,,27.32796019
244,C040,1/6/2019,,27.96058354,,27.99560744,,26.91912146,,27.44798674,,27.37834707
245,C040,1/7/2019,,28.01090199,,27.92854393,,26.79282287,,27.35866947,,27.27413327
246,C042,1/1/2019,,21.10491275,,21.34311197,,21.12317717,,21.12914473,,20.52859044
247,C042,1/2/2019,,21.0709434,,21.26742723,,21.05703956,,21.03953504,,20.42692351
248,C042,1/3/2019,,21.06595231,,21.17293949,,20.962058,,20.94101052,,20.37606706
249,C042,1/4/2019,,20.95806733,,21.05502043,,20.91344097,,20.86294031,,20.35229111
250,C042,1/5/2019,,20.94414029,,21.05099212,,20.86000093,,20.90046675,,20.25359472
251,C042,1/6/2019,,20.91500928,,21.02905042,,20.82473219,,20.91322143,,20.24842313
252,C042,1/7/2019,,20.94166839,,21.01849232,,20.76927807,,20.82836574,,20.16960164
253,C043,1/1/2019,,3.232351903,,4.250040706,,3.194009328,,2.971149279,,3.029355077
254,C043,1/2/2019,,2.870997848,,4.04278875,,2.738324897,,2.546259805,,2.730528585
255,C043,1/3/2019,,2.63646832,,3.706501408,,2.788335763,,2.701692227,,2.389096059
256,C043,1/4/2019,,2.457216214,,3.502422951,,2.908011291,,2.598447021,,1.956808893
257,C043,1/5/2019,,2.294486054,,3.320738662,,2.70906612,,2.720158491,,1.875080889
258,C043,1/6/2019,,2.379373277,,3.34656335,,2.41816802,,2.741108104,,1.918367555
259,C043,1/7/2019,,2.233846883,,3.494283944,,2.551214604,,2.669100502,,1.91842705
260,C044,1/1/2019,,11.88589212,,12.47170904,,11.98294621,,12.02311828,,11.04638926
261,C044,1/2/2019,,11.75360113,,12.35939015,,11.87103665,,11.99376847,,11.04148742
262,C044,1/3/2019,,11.65081404,,12.1640165,,11.92524731,,12.12064119,,10.89081822
263,C044,1/4/2019,,11.50760739,,11.97317048,,12.01891015,,12.09421797,,10.62978218
264,C044,1/5/2019,,11.41274274,,11.89757172,,11.91837913,,12.16692525,,10.51805765
265,C044,1/6/2019,,11.44274878,,11.90527105,,11.78861671,,12.21973598,,10.46479237
266,C044,1/7/2019,,11.39466855,,11.95557939,,11.83501797,,12.15364284,,10.46418671
267,C045,1/1/2019,,26.80276757,,26.67687356,,26.02648421,,26.49056824,,26.04210301
268,C045,1/2/2019,,26.87331456,,26.72489072,,26.02425312,,26.51941233,,25.91800101
269,C045,1/3/2019,,26.96825952,,26.75502349,,25.88322877,,26.37716534,,25.94244183
270,C045,1/4/2019,,26.88352342,,26.75802981,,25.75880429,,26.33302015,,26.05476964
271,C045,1/5/2019,,26.93118301,,26.81086077,,25.72472042,,26.35912625,,25.96109253
272,C045,1/6/2019,,26.89448549,,26.75190473,,25.75076643,,26.34719321,,26.01486054
273,C045,1/7/2019,,26.95323925,,26.71206643,,25.64435784,,26.25929491,,25.90847694
274,C046,1/1/2019,,4.427567438,,4.671148636,,4.294974211,,3.796291074,,3.922097036
275,C046,1/2/2019,,4.337757543,,4.733609564,,4.257330114,,3.761897821,,4.025311304
276,C046,1/3/2019,,4.246113992,,4.575217827,,4.522858073,,4.101125438,,3.91764319
277,C046,1/4/2019,,4.13294253,,4.457680573,,4.76563251,,4.128512482,,3.62126435
278,C046,1/5/2019,,4.032418656,,4.354601955,,4.674219802,,4.28785139,,3.625489732
279,C046,1/6/2019,,4.143397108,,4.422109306,,4.489372724,,4.349390135,,3.704940242
280,C046,1/7/2019,,4.037046228,,4.584678828,,4.629446935,,4.337830128,,3.780519964
281,C047,1/1/2019,,4.747762392,,5.347769025,,5.246822732,,4.511444425,,4.302597985
282,C047,1/2/2019,,4.385978779,,5.055716709,,4.824314273,,3.971529603,,4.069983028
283,C047,1/3/2019,,4.14473219,,4.682674136,,4.84398116,,4.033351548,,3.796656378
284,C047,1/4/2019,,3.958746365,,4.450005633,,4.948898194,,3.899770693,,3.395882875
285,C047,1/5/2019,,3.79841031,,4.267672841,,4.764503282,,3.981935395,,3.315713658
286,C047,1/6/2019,,3.860448819,,4.283249995,,4.500421068,,3.985757396,,3.316966637
287,C047,1/7/2019,,3.731877499,,4.405351757,,4.601624383,,3.894658825,,3.353306588
288,C048,1/1/2019,,11.83813376,,12.21599608,,12.16702401,,12.36526832,,11.74916038
289,C048,1/2/2019,,11.34471361,,11.69400433,,11.72890389,,11.73004858,,11.23523386
290,C048,1/3/2019,,11.04558726,,11.23709309,,11.58796044,,11.54864987,,10.82754815
291,C048,1/4/2019,,10.80630344,,10.90634837,,11.58003086,,11.30782749,,10.42290505
292,C048,1/5/2019,,10.63311632,,10.7186455,,11.40032659,,11.28683206,,10.2124546
293,C048,1/6/2019,,10.61560793,,10.65646658,,11.19870828,,11.25839849,,10.05257191
294,C048,1/7/2019,,10.52854614,,10.66734298,,11.22447942,,11.10605389,,10.02417701
295,C049,1/1/2019,,4.984239808,,4.972592937,,4.804257095,,4.776663006,,4.579233785
296,C049,1/2/2019,,4.954321819,,5.043057222,,4.865728015,,4.764928081,,4.696417634
297,C049,1/3/2019,,4.894226438,,4.893611253,,5.17700933,,5.092031673,,4.600799773
298,C049,1/4/2019,,4.794110705,,4.776434543,,5.442171985,,5.124736439,,4.308082296
299,C049,1/5/2019,,4.706308194,,4.68206728,,5.373669867,,5.27237493,,4.301128442
300,C049,1/6/2019,,4.818766898,,4.754596064,,5.216190794,,5.334038616,,4.359566274
301,C049,1/7/2019,,4.724498398,,4.914349062,,5.353243816,,5.321642099,,4.435253088
302,C051,1/1/2019,,28.47646747,,28.70773187,,27.98975902,,28.22484305,,27.98344058
303,C051,1/2/2019,,28.48159837,,28.66943808,,27.95234458,,28.22849013,,27.73281748
304,C051,1/3/2019,,28.5574607,,28.6610016,,27.76134505,,28.05209858,,27.70730455
305,C051,1/4/2019,,28.46368542,,28.65593971,,27.58738687,,27.9987155,,27.81459546
306,C051,1/5/2019,,28.50406096,,28.7007328,,27.54948337,,28.03115134,,27.70312022
307,C051,1/6/2019,,28.44766085,,28.62179633,,27.58184842,,28.00659094,,27.77860474
308,C051,1/7/2019,,28.51297638,,28.55993215,,27.4549995,,27.92333449,,27.66957359
309,C053,1/1/2019,,-3.110687886,,-2.087119722,,-1.385230334,,-2.607368847,,-1.141193399
310,C053,1/2/2019,,-3.57852371,,-2.381730351,,-1.502244026,,-3.361481148,,-1.799453426
311,C053,1/3/2019,,-3.868684064,,-2.843400045,,-1.132528451,,-3.275250512,,-2.375854559
312,C053,1/4/2019,,-4.032458968,,-3.03405985,,-0.823316396,,-3.488183114,,-2.827786003
313,C053,1/5/2019,,-4.221538568,,-3.235890561,,-0.930352665,,-3.381369359,,-2.864040281
314,C053,1/6/2019,,-4.108649116,,-3.119595576,,-1.184151649,,-3.328089802,,-2.75469439
315,C053,1/7/2019,,-4.298775839,,-2.864442471,,-0.97309197,,-3.445865038,,-2.771379354
316,C054,1/1/2019,,-0.979795942,,0.700064133,,-0.030379604,,-0.435404666,,0.120650139
317,C054,1/2/2019,,-1.257569298,,0.623840668,,-0.407240609,,-0.846090146,,-0.166345045
318,C054,1/3/2019,,-1.43770075,,0.338687469,,-0.241718912,,-0.619954266,,-0.539337642
319,C054,1/4/2019,,-1.568277074,,0.202818411,,-0.058366364,,-0.692306943,,-0.971154791
320,C054,1/5/2019,,-1.714945785,,0.028750757,,-0.247683947,,-0.523877098,,-0.99560037
321,C054,1/6/2019,,-1.589709792,,0.0988307,,-0.555219414,,-0.475340536,,-0.876384148
322,C054,1/7/2019,,-1.75850613,,0.309085997,,-0.385757914,,-0.539664868,,-0.897287355
323,C055,1/1/2019,,5.381137763,,6.683954776,,6.352830468,,5.577885164,,6.127256227
324,C055,1/2/2019,,4.538102052,,5.853815345,,5.407257549,,4.501926309,,5.209295247
325,C055,1/3/2019,,4.035576685,,5.150987116,,5.098997425,,4.249412431,,4.593575809
326,C055,1/4/2019,,3.720140194,,4.734009375,,5.020000272,,3.917013726,,3.994854283
327,C055,1/5/2019,,3.45894471,,4.427826839,,4.707934805,,3.924190093,,3.733003157
328,C055,1/6/2019,,3.445975845,,4.348843965,,4.335073099,,3.868654461,,3.569417448
329,C055,1/7/2019,,3.270188766,,4.401980733,,4.390989504,,3.678307603,,3.520639333
330,C056,1/1/2019,,2.527140278,,2.738606907,,2.546475179,,1.988779483,,2.112410283
331,C056,1/2/2019,,2.734552872,,3.079686029,,2.881728486,,2.269125432,,2.473147963
332,C056,1/3/2019,,2.802022145,,3.077352609,,3.402664191,,2.81320971,,2.486542817
333,C056,1/4/2019,,2.776643675,,3.061689781,,3.787471437,,2.948483811,,2.255535432
334,C056,1/5/2019,,2.737710902,,3.009957111,,3.785816268,,3.168357177,,2.329592065
335,C056,1/6/2019,,2.910338761,,3.132610992,,3.669365404,,3.277388931,,2.495594487
336,C056,1/7/2019,,2.825714508,,3.350668551,,3.854969268,,3.32103376,,2.597823507
337,C057,1/1/2019,,22.14428593,,22.32495433,,22.04061623,,21.87736102,,21.37981871
338,C057,1/2/2019,,22.07531291,,22.2283774,,21.95705695,,21.71610129,,21.17388607
339,C057,1/3/2019,,22.05903311,,22.13033033,,21.8351185,,21.56385308,,21.07815338
340,C057,1/4/2019,,21.94093897,,22.01409246,,21.76302314,,21.46165946,,21.03883805
341,C057,1/5/2019,,21.92403031,,22.01067592,,21.70584097,,21.48035656,,20.91467149
342,C057,1/6/2019,,21.88369968,,21.97584211,,21.67408605,,21.48245111,,20.89145465
343,C057,1/7/2019,,21.91121732,,21.95306389,,21.60478163,,21.3817248,,20.80250878
344,C058,1/1/2019,,25.28028067,,25.66046391,,25.16812658,,25.30429966,,25.05766693
345,C058,1/2/2019,,25.24502711,,25.59728011,,25.10762723,,25.28791337,,24.84745388
346,C058,1/3/2019,,25.27147472,,25.55066407,,24.94665397,,25.15622031,,24.81271436
347,C058,1/4/2019,,25.16723772,,25.48875348,,24.82085337,,25.10432343,,24.86327139
348,C058,1/5/2019,,25.1783402,,25.51323892,,24.77691582,,25.15329134,,24.75442348
349,C058,1/6/2019,,25.12499996,,25.46370461,,24.77807777,,25.1463708,,24.77763929
350,C058,1/7/2019,,25.17285054,,25.42213321,,24.67447083,,25.0737498,,24.67788172
351,C059,1/1/2019,,14.31430879,,14.03736659,,14.04495586,,14.16312168,,13.16176533
352,C059,1/2/2019,,14.39893542,,14.19223499,,14.10874324,,14.1697379,,13.48129037
353,C059,1/3/2019,,14.41736093,,14.18104267,,14.22231243,,14.26759042,,13.55657023
354,C059,1/4/2019,,14.33604107,,14.09435035,,14.33880792,,14.24102263,,13.50665575
355,C059,1/5/2019,,14.30877718,,14.09507828,,14.28671798,,14.30473326,,13.49876186
356,C059,1/6/2019,,14.35416553,,14.13694359,,14.21557901,,14.35715876,,13.53109062
357,C059,1/7/2019,,14.35059163,,14.20498581,,14.24830549,,14.29900294,,13.55329559
358,C061,1/1/2019,,22.66945862,,22.73906319,,22.67350671,,22.55617382,,21.89132167
359,C061,1/2/2019,,22.87667131,,22.9548141,,22.79486953,,22.66982987,,22.02400771
360,C061,1/3/2019,,23.01165091,,23.05842491,,22.78379828,,22.64416999,,22.13192928
361,C061,1/4/2019,,22.96825358,,23.06864537,,22.76190358,,22.63799821,,22.22664429
362,C061,1/5/2019,,23.01816568,,23.14429114,,22.75683336,,22.70182159,,22.18193776
363,C061,1/6/2019,,23.0182695,,23.15425904,,22.77676738,,22.72937998,,22.2346417
364,C061,1/7/2019,,23.07895002,,23.1658241,,22.71012629,,22.66560687,,22.15401645
365,C062,1/1/2019,,10.28177836,,10.60189894,,10.45356554,,11.00266887,,9.910896666
366,C062,1/2/2019,,9.963847807,,10.40471603,,10.15103366,,10.57213445,,9.642544448
367,C062,1/3/2019,,9.750904496,,10.13941118,,10.12266077,,10.53279889,,9.388340894
368,C062,1/4/2019,,9.565433903,,9.923065909,,10.18809053,,10.37717549,,9.069499466
369,C062,1/5/2019,,9.432735964,,9.813020349,,10.04240886,,10.40294782,,8.947983737
370,C062,1/6/2019,,9.453343477,,9.823613552,,9.855424694,,10.40032942,,8.857471793
371,C062,1/7/2019,,9.377393692,,9.890638392,,9.905076205,,10.29587169,,8.89442336
372,C064,1/1/2019,,8.850214512,,9.067305861,,8.91446031,,8.975671829,,7.99333297
373,C064,1/2/2019,,8.436274619,,8.690450805,,8.549392535,,8.363232982,,7.611460051
374,C064,1/3/2019,,8.175204076,,8.297605695,,8.518624948,,8.274376208,,7.244017209
375,C064,1/4/2019,,7.960055855,,8.018003442,,8.584654426,,8.065395308,,6.791973913
376,C064,1/5/2019,,7.794477043,,7.838731107,,8.413104628,,8.078602156,,6.623691618
377,C064,1/6/2019,,7.814585387,,7.813948783,,8.196490434,,8.060202527,,6.507558461
378,C064,1/7/2019,,7.706493665,,7.875570823,,8.261018242,,7.927903209,,6.492353749
379,C065,1/1/2019,,13.41406324,,13.1809866,,13.45418176,,13.17385723,,13.08159017
380,C065,1/2/2019,,13.36943673,,13.09822099,,13.47121121,,13.38063144,,13.4795055
381,C065,1/3/2019,,13.31699368,,12.92613335,,13.5761324,,13.60225993,,13.60677029
382,C065,1/4/2019,,13.19326829,,12.74633924,,13.68536406,,13.64997307,,13.61177031
383,C065,1/5/2019,,13.12077996,,12.68834524,,13.62422751,,13.7651305,,13.64512893
384,C065,1/6/2019,,13.15261549,,12.70031637,,13.53735848,,13.8415848,,13.72583123
385,C065,1/7/2019,,13.12685744,,12.75019158,,13.57970095,,13.81443396,,13.76668393
386,C066,1/1/2019,,23.66223837,,23.63541297,,23.51229978,,23.75112579,,23.11734852
387,C066,1/2/2019,,24.03947777,,23.99032602,,23.76765725,,23.97913191,,23.31317702
388,C066,1/3/2019,,24.27467782,,24.19021718,,23.82563994,,23.99500476,,23.49907657
389,C066,1/4/2019,,24.28298698,,24.26953323,,23.82703125,,24.03813019,,23.66417555
390,C066,1/5/2019,,24.38055213,,24.38387735,,23.85951439,,24.13333754,,23.64970056
391,C066,1/6/2019,,24.40136491,,24.41246739,,23.91589546,,24.16151766,,23.73446254
392,C066,1/7/2019,,24.4871755,,24.4381243,,23.84742636,,24.11380154,,23.64872066
393,C067,1/1/2019,,23.30946062,,23.33793405,,23.22028971,,23.50202042,,22.68066552
394,C067,1/2/2019,,23.44623818,,23.44420937,,23.29154142,,23.53419597,,22.62885253
395,C067,1/3/2019,,23.54843001,,23.4832537,,23.24287367,,23.45369298,,22.64440113
396,C067,1/4/2019,,23.4875121,,23.45803081,,23.19558175,,23.42309704,,22.68900235
397,C067,1/5/2019,,23.52643327,,23.50930239,,23.18158391,,23.48080902,,22.60443492
398,C067,1/6/2019,,23.51150403,,23.49600987,,23.19473453,,23.48850598,,22.62967387
399,C067,1/7/2019,,23.5683917,,23.48959386,,23.11880974,,23.41447404,,22.53400157
400,C068,1/1/2019,,9.403395082,,9.526394038,,9.376244236,,9.617213574,,8.556792606
401,C068,1/2/2019,,9.451491377,,9.389884807,,9.426048056,,9.723258646,,8.831700651
402,C068,1/3/2019,,9.431180747,,9.145364767,,9.638682585,,9.986678078,,8.832743015
403,C068,1/4/2019,,9.336631428,,8.944087961,,9.826228981,,10.01501527,,8.673362461
404,C068,1/5/2019,,9.263762923,,8.841400824,,9.768351599,,10.13756444,,8.675545952
405,C068,1/6/2019,,9.346718917,,8.865100327,,9.650845283,,10.20665259,,8.728556588
406,C068,1/7/2019,,9.313773193,,8.951408307,,9.741975387,,10.18541561,,8.807631085
407,C069,1/1/2019,,15.94405329,,16.52927941,,15.72347966,,15.8770219,,15.47027831
408,C069,1/2/2019,,16.35926817,,16.93169172,,16.0552605,,15.94314122,,15.81998579
409,C069,1/3/2019,,16.5598587,,17.09914792,,16.29592968,,16.03599908,,15.96350004
410,C069,1/4/2019,,16.57882116,,17.12496324,,16.46930659,,16.02621264,,16.00180632
411,C069,1/5/2019,,16.64126245,,17.21325942,,16.5002848,,16.10319467,,16.00495216
412,C069,1/6/2019,,16.72030289,,17.30386521,,16.50450869,,16.16471229,,16.06948264
413,C069,1/7/2019,,16.77754857,,17.39126375,,16.5360057,,16.11785113,,16.05990473
414,C070,1/1/2019,,26.67812297,,26.80391048,,26.33823554,,26.4196506,,26.42925677
415,C070,1/2/2019,,26.635273,,26.72033276,,26.2502831,,26.34628173,,26.16929641
416,C070,1/3/2019,,26.66830618,,26.66900228,,26.053146,,26.16118715,,26.11949021
417,C070,1/4/2019,,26.56008416,,26.61548534,,25.89739944,,26.08803962,,26.17902514
418,C070,1/5/2019,,26.5791204,,26.64069484,,25.8473737,,26.11817119,,26.05879155
419,C070,1/6/2019,,26.52065103,,26.57190417,,25.85352437,,26.09342635,,26.08976201
420,C070,1/7/2019,,26.57337609,,26.51690578,,25.73523866,,26.0037884,,25.9788151
421,C071,1/1/2019,,23.62441401,,24.32559539,,23.68646441,,23.46242486,,22.97000573
422,C071,1/2/2019,,23.8121615,,24.48853141,,23.78709092,,23.68439872,,23.07520983
423,C071,1/3/2019,,23.94509415,,24.5736352,,23.74951881,,23.7099295,,23.20094439
424,C071,1/4/2019,,23.90048995,,24.58071578,,23.70183928,,23.74536125,,23.32472423
425,C071,1/5/2019,,23.95322185,,24.65396148,,23.69747736,,23.84802995,,23.28505044
426,C071,1/6/2019,,23.94155713,,24.6541959,,23.72207406,,23.87864255,,23.35153655
427,C071,1/7/2019,,24.00503871,,24.65084629,,23.64486802,,23.84634592,,23.28368442
428,C072,1/1/2019,,-7.392947801,,-7.795635874,,-6.633252426,,-5.905975049,,-4.181288562
429,C072,1/2/2019,,-7.43576564,,-7.771525851,,-6.828310151,,-5.751341059,,-4.574131292
430,C072,1/3/2019,,-7.485530194,,-8.116191372,,-6.371404869,,-5.114275767,,-5.087021993
431,C072,1/4/2019,,-7.528990586,,-8.214218808,,-6.110909054,,-5.002516732,,-5.516716338
432,C072,1/5/2019,,-7.684943001,,-8.384840473,,-6.271871003,,-4.734167489,,-5.491816212
433,C072,1/6/2019,,-7.450577681,,-8.148373767,,-6.595663066,,-4.560233105,,-5.253107709
434,C072,1/7/2019,,-7.591344422,,-7.765714314,,-6.311340427,,-4.517658008,,-5.318343515
435,C073,1/1/2019,,-0.576886545,,1.346049014,,0.68267593,,-0.155800033,,0.760390356
436,C073,1/2/2019,,-0.945683508,,1.19324511,,0.135450281,,-0.725722088,,0.24550655
437,C073,1/3/2019,,-1.175098788,,0.865159841,,0.185357624,,-0.594272368,,-0.260305357
438,C073,1/4/2019,,-1.332490998,,0.699225244,,0.303938432,,-0.729138329,,-0.755078439
439,C073,1/5/2019,,-1.499773766,,0.508929552,,0.075469132,,-0.590220713,,-0.82764411
440,C073,1/6/2019,,-1.389416449,,0.561465413,,-0.264336783,,-0.559287728,,-0.752265484
441,C073,1/7/2019,,-1.565421282,,0.755802051,,-0.112093329,,-0.654094068,,-0.813941069
442,C074,1/1/2019,,23.40773258,,23.37454174,,22.77229033,,23.58168452,,22.68927097
443,C074,1/2/2019,,23.58773136,,23.53461631,,22.78130393,,23.58875409,,22.69018899
444,C074,1/3/2019,,23.7145663,,23.6076511,,22.70206403,,23.48363299,,22.7247768
445,C074,1/4/2019,,23.66045231,,23.61160042,,22.63872019,,23.43860756,,22.78535796
446,C074,1/5/2019,,23.71306165,,23.67335157,,22.60254534,,23.46845683,,22.70997041
447,C074,1/6/2019,,23.70749881,,23.66076883,,22.6004618,,23.47731633,,22.73852059
448,C074,1/7/2019,,23.76358745,,23.66090984,,22.52205157,,23.38175915,,22.636548
449,C076,1/1/2019,,26.9354191,,27.13477182,,26.41113915,,26.82151763,,26.55063863
450,C076,1/2/2019,,26.8924668,,27.08761139,,26.36291553,,26.81457568,,26.34611753
451,C076,1/3/2019,,26.927245,,27.06194377,,26.18616462,,26.64669319,,26.3220313
452,C076,1/4/2019,,26.81100058,,27.03224592,,26.03941797,,26.58768242,,26.40323336
453,C076,1/5/2019,,26.83302826,,27.06555695,,25.99478552,,26.6088718,,26.28702643
454,C076,1/6/2019,,26.77728796,,26.98986656,,26.01259138,,26.59347254,,26.3218433
455,C076,1/7/2019,,26.82369815,,26.93447967,,25.89831806,,26.50407316,,26.20724394
456,C077,1/1/2019,,3.857078984,,5.741605333,,4.822272382,,4.459339312,,5.084468584
457,C077,1/2/2019,,3.10094145,,5.013253464,,3.917298115,,3.474957373,,4.179205168
458,C077,1/3/2019,,2.656262528,,4.36826692,,3.664424884,,3.294127441,,3.530145551
459,C077,1/4/2019,,2.370169298,,3.988985631,,3.617462577,,2.997129846,,2.913076752
460,C077,1/5/2019,,2.124995996,,3.688506349,,3.307275983,,3.03261187,,2.664067169
461,C077,1/6/2019,,2.141188336,,3.62043379,,2.926363323,,2.990473471,,2.537704328
462,C077,1/7/2019,,1.952538294,,3.691920211,,3.004496599,,2.814861309,,2.46508749
463,C078,1/1/2019,,19.38246858,,19.25299058,,18.98574929,,19.34097548,,17.8389391
464,C078,1/2/2019,,19.55237882,,19.48047746,,19.03450677,,19.31718618,,17.92594444
465,C078,1/3/2019,,19.64501045,,19.56210194,,19.04761355,,19.28029593,,17.93594462
466,C078,1/4/2019,,19.59081495,,19.54497559,,19.06830663,,19.23367252,,17.91218369
467,C078,1/5/2019,,19.61622462,,19.60025915,,19.03156185,,19.27643804,,17.84833755
468,C078,1/6/2019,,19.63406038,,19.62982667,,19.00228931,,19.30924946,,17.84769009
469,C078,1/7/2019,,19.67105519,,19.66993236,,18.97055254,,19.22390244,,17.7906336
470,C079,1/1/2019,,3.349896297,,4.992385955,,4.509639327,,4.185155924,,4.902923515
471,C079,1/2/2019,,2.825455107,,4.413138549,,3.878372482,,3.448632921,,4.195873473
472,C079,1/3/2019,,2.499499782,,3.845440442,,3.806213761,,3.410013096,,3.627667273
473,C079,1/4/2019,,2.265217757,,3.506360374,,3.843623445,,3.212025805,,3.058024848
474,C079,1/5/2019,,2.042312492,,3.259811532,,3.613914256,,3.275953896,,2.848996352
475,C079,1/6/2019,,2.102827911,,3.244662746,,3.29757938,,3.258651367,,2.77697566
476,C079,1/7/2019,,1.955643968,,3.349974831,,3.402642773,,3.125132387,,2.705653448
477,C081,1/1/2019,,19.86506751,,20.00844737,,19.81065969,,20.21238616,,19.49355092
478,C081,1/2/2019,,19.81459912,,19.94773844,,19.72729035,,19.99835601,,19.35527898
479,C081,1/3/2019,,19.79165789,,19.85209857,,19.64309762,,19.85039156,,19.25627879
480,C081,1/4/2019,,19.6756226,,19.72824124,,19.61054647,,19.73176628,,19.18198961
481,C081,1/5/2019,,19.65128657,,19.71698481,,19.54597653,,19.74083825,,19.07045651
482,C081,1/6/2019,,19.63302136,,19.69715341,,19.49356981,,19.74574322,,19.040762
483,C081,1/7/2019,,19.65078956,,19.69458603,,19.44739768,,19.63540465,,18.95509114
484,C082,1/1/2019,,26.26784801,,26.44791163,,25.95913452,,26.24741422,,26.05068288
485,C082,1/2/2019,,26.33542318,,26.45916226,,25.94414102,,26.24736186,,25.88242141
486,C082,1/3/2019,,26.42487848,,26.46418429,,25.7971439,,26.10222576,,25.88029742
487,C082,1/4/2019,,26.34864669,,26.44588759,,25.66838397,,26.05511888,,25.96963015
488,C082,1/5/2019,,26.39004437,,26.49242272,,25.63575536,,26.09610901,,25.87163782
489,C082,1/6/2019,,26.35024772,,26.44420267,,25.65420259,,26.0840659,,25.92029338
490,C082,1/7/2019,,26.41505456,,26.40572742,,25.5433937,,25.99920783,,25.81036978
491,C083,1/1/2019,,28.10079161,,28.65265435,,27.74968271,,27.93426741,,27.90478791
492,C083,1/2/2019,,28.14535863,,28.62304753,,27.67857885,,27.92999325,,27.70770555
493,C083,1/3/2019,,28.23712712,,28.61953788,,27.46881499,,27.75236299,,27.71495093
494,C083,1/4/2019,,28.15202393,,28.61634415,,27.28890367,,27.69521265,,27.83210979
495,C083,1/5/2019,,28.20122624,,28.66394187,,27.24254822,,27.72844752,,27.72883543
496,C083,1/6/2019,,28.15196502,,28.58318722,,27.2662031,,27.69996397,,27.81859178
497,C083,1/7/2019,,28.21995548,,28.51933052,,27.13685952,,27.61280342,,27.71322436
498,C084,1/1/2019,,6.504180297,,7.336653148,,6.928944831,,6.739367847,,6.14038573
499,C084,1/2/2019,,6.231761551,,6.977487343,,6.590984471,,6.275563449,,5.977074892
500,C084,1/3/2019,,6.045504425,,6.58126169,,6.617790838,,6.3136847,,5.734898981
501,C084,1/4/2019,,5.876261869,,6.314761572,,6.718909668,,6.195020598,,5.336432721
502,C084,1/5/2019,,5.738663867,,6.126347133,,6.551377018,,6.262495821,,5.230359092
503,C084,1/6/2019,,5.79666738,,6.114357567,,6.32136797,,6.269027255,,5.189158344
504,C084,1/7/2019,,5.685988786,,6.198421371,,6.405572184,,6.169621899,,5.204954443
505,C085,1/1/2019,,12.39767858,,12.38683907,,12.52011768,,12.87850648,,11.1569447
506,C085,1/2/2019,,12.60257213,,12.61534347,,12.74321988,,12.99921366,,11.61953777
507,C085,1/3/2019,,12.67474216,,12.63302915,,12.9842618,,13.19066535,,11.73651338
508,C085,1/4/2019,,12.62630495,,12.56776003,,13.17588306,,13.20144359,,11.69639724
509,C085,1/5/2019,,12.61557669,,12.57243758,,13.16226748,,13.30348341,,11.73697745
510,C085,1/6/2019,,12.69844523,,12.63067431,,13.11211144,,13.36596397,,11.81666892
511,C085,1/7/2019,,12.69984159,,12.72316508,,13.17509415,,13.33511547,,11.85510728
512,C086,1/1/2019,,24.87674538,,24.81876328,,24.49124501,,24.78281541,,24.18986318
513,C086,1/2/2019,,24.96460381,,24.88013128,,24.52653427,,24.81531015,,24.15892246
514,C086,1/3/2019,,25.05182743,,24.90323523,,24.43294937,,24.71136231,,24.21147617
515,C086,1/4/2019,,24.97728234,,24.88158178,,24.34923302,,24.67557566,,24.30316374
516,C086,1/5/2019,,25.01599557,,24.9306074,,24.32775271,,24.72427822,,24.23233535
517,C086,1/6/2019,,24.98644824,,24.89809183,,24.34485057,,24.72510759,,24.28556433
518,C086,1/7/2019,,25.04478374,,24.87487483,,24.25114312,,24.64757462,,24.18529569
519,C087,1/1/2019,,8.16074068,,9.064522653,,8.580106577,,8.695972003,,8.273210093
520,C087,1/2/2019,,7.551616932,,8.339598925,,7.878533707,,7.826164433,,7.571601525
521,C087,1/3/2019,,7.187554634,,7.72508606,,7.659048252,,7.605970981,,7.053172968
522,C087,1/4/2019,,6.923372467,,7.329807577,,7.619530042,,7.330500106,,6.512617972
523,C087,1/5/2019,,6.712936304,,7.063673952,,7.365800074,,7.322428925,,6.269210502
524,C087,1/6/2019,,6.711090748,,6.987042347,,7.068165875,,7.278091566,,6.101789703
525,C087,1/7/2019,,6.579720752,,7.016260668,,7.113218372,,7.103562225,,6.051709823
526,C088,1/1/2019,,27.96032235,,28.12665438,,27.16014077,,27.75867667,,27.72579223
527,C088,1/2/2019,,27.89321719,,28.05217652,,27.01437164,,27.71393177,,27.42439314
528,C088,1/3/2019,,27.9238289,,28.01735013,,26.76841121,,27.51366698,,27.36199885
529,C088,1/4/2019,,27.80402129,,27.98915216,,26.57666798,,27.44236797,,27.43276716
530,C088,1/5/2019,,27.82596627,,28.02186288,,26.50965326,,27.460391,,27.2995403
531,C088,1/6/2019,,27.76224344,,27.93480109,,26.51135126,,27.43491198,,27.33826008
532,C088,1/7/2019,,27.81368577,,27.86818082,,26.38095819,,27.34165074,,27.22660576
533,C089,1/1/2019,,27.15892171,,27.53654723,,26.69497809,,27.16431618,,27.09168982
534,C089,1/2/2019,,27.16933345,,27.48497817,,26.62251296,,27.12577727,,26.86183308
535,C089,1/3/2019,,27.23525107,,27.45802842,,26.42821381,,26.94156084,,26.83284798
536,C089,1/4/2019,,27.13968914,,27.4310287,,26.26753446,,26.87561109,,26.9176186
537,C089,1/5/2019,,27.17571138,,27.46723954,,26.22092913,,26.9011264,,26.80246652
538,C089,1/6/2019,,27.12484318,,27.39504453,,26.23372367,,26.87629826,,26.86036354
539,C089,1/7/2019,,27.18412526,,27.33896867,,26.11183669,,26.7805858,,26.74334033
540,C090,1/1/2019,,6.686126367,,7.286938571,,7.049866199,,6.787712834,,6.47930873
541,C090,1/2/2019,,5.944434381,,6.554961037,,6.150798661,,5.688079464,,5.696958596
542,C090,1/3/2019,,5.508479903,,5.922142545,,5.84469109,,5.396772034,,5.121341617
543,C090,1/4/2019,,5.213538477,,5.531460698,,5.770090667,,5.052420649,,4.519318081
544,C090,1/5/2019,,4.973810218,,5.244480982,,5.466440266,,5.038592667,,4.265791588
545,C090,1/6/2019,,4.965735467,,5.172142584,,5.110221877,,4.971148382,,4.104019308
546,C090,1/7/2019,,4.80090273,,5.223274348,,5.162163972,,4.767349555,,4.031203754
547,C091,1/1/2019,,27.35977193,,27.72183041,,26.7760915,,27.14961718,,27.09980205
548,C091,1/2/2019,,27.40526231,,27.73501465,,26.73548095,,27.14905316,,26.89340148
549,C091,1/3/2019,,27.49051365,,27.75211549,,26.55757583,,26.97894256,,26.87609776
550,C091,1/4/2019,,27.39873802,,27.75282408,,26.40631464,,26.92199688,,26.96829819
551,C091,1/5/2019,,27.44319734,,27.80479236,,26.36474264,,26.94364022,,26.84984411
552,C091,1/6/2019,,27.40096792,,27.73209877,,26.38653888,,26.92218905,,26.90002692
553,C091,1/7/2019,,27.46216516,,27.6771694,,26.26765584,,26.82630584,,26.78369267
554,C092,1/1/2019,,19.25844555,,19.3913879,,19.34998506,,19.62887106,,18.45135548
555,C092,1/2/2019,,19.60025126,,19.71266364,,19.6250485,,19.86771737,,18.70421808
556,C092,1/3/2019,,19.78243576,,19.85337594,,19.76843026,,19.96906771,,18.82980093
557,C092,1/4/2019,,19.77670432,,19.86715127,,19.85982497,,20.01788807,,18.89362699
558,C092,1/5/2019,,19.83782556,,19.9486018,,19.88927726,,20.12454275,,18.87870443
559,C092,1/6/2019,,19.88037686,,19.99828893,,19.91305507,,20.18183023,,18.94499004
560,C092,1/7/2019,,19.94214302,,20.04860665,,19.89584907,,20.15289481,,18.89916194
561,C093,1/1/2019,,-1.681442587,,-2.570560069,,-1.543426925,,-1.559198036,,-0.327314134
562,C093,1/2/2019,,-1.907823588,,-3.042803333,,-1.681057055,,-1.701038079,,-0.827849965
563,C093,1/3/2019,,-2.062062528,,-3.638043173,,-1.314744631,,-1.310487121,,-1.337990777
564,C093,1/4/2019,,-2.181467946,,-3.914966931,,-1.033841803,,-1.306196294,,-1.812618627
565,C093,1/5/2019,,-2.336344678,,-4.171776395,,-1.15010347,,-1.097928152,,-1.85620515
566,C093,1/6/2019,,-2.185922981,,-4.072549526,,-1.407712556,,-1.012661347,,-1.742423263
567,C093,1/7/2019,,-2.339288524,,-3.824395492,,-1.190098835,,-1.027094995,,-1.799120251
568,C094,1/1/2019,,6.633709497,,6.961447312,,6.783493401,,6.55326422,,5.997189186
569,C094,1/2/2019,,6.499331401,,6.836075669,,6.623008607,,6.235820345,,5.953282576
570,C094,1/3/2019,,6.383188725,,6.582276686,,6.758054245,,6.359705786,,5.782643062
571,C094,1/4/2019,,6.253338248,,6.396822751,,6.919020954,,6.279258129,,5.458916445
572,C094,1/5/2019,,6.147766762,,6.264882787,,6.792610517,,6.369113241,,5.409088826
573,C094,1/6/2019,,6.230181346,,6.291016852,,6.59896046,,6.394264438,,5.413471277
574,C094,1/7/2019,,6.14381744,,6.403823011,,6.697293704,,6.327337765,,5.474410305
575,C095,1/1/2019,,26.93644302,,27.61152367,,26.64976674,,26.89335983,,26.79089581
576,C095,1/2/2019,,26.96771811,,27.55422934,,26.56575113,,26.84340787,,26.61240584
577,C095,1/3/2019,,27.04075915,,27.5245059,,26.36370504,,26.65455019,,26.60772115
578,C095,1/4/2019,,26.94350635,,27.49644775,,26.20125391,,26.58198987,,26.69900297
579,C095,1/5/2019,,26.98503373,,27.53085825,,26.15121687,,26.6026902,,26.59139376
580,C095,1/6/2019,,26.94195232,,27.4494075,,26.16207245,,26.57250448,,26.65366489
581,C095,1/7/2019,,26.99867013,,27.38710245,,26.04010931,,26.4702469,,26.53664763
582,C096,1/1/2019,,23.07835447,,23.33494916,,23.30473369,,23.23457134,,22.39103855
583,C096,1/2/2019,,23.02449305,,23.3101469,,23.30305413,,23.20004423,,22.20885896
584,C096,1/3/2019,,23.02122852,,23.26813939,,23.2152415,,23.09377813,,22.15030243
585,C096,1/4/2019,,22.90923507,,23.1930514,,23.15616409,,23.04482004,,22.148608
586,C096,1/5/2019,,22.90292913,,23.21454986,,23.13427326,,23.10004064,,22.04444061
587,C096,1/6/2019,,22.86003037,,23.18799546,,23.13440296,,23.10609849,,22.03373198
588,C096,1/7/2019,,22.89455095,,23.16947952,,23.05600314,,23.03605662,,21.94613205
589,C097,1/1/2019,,-0.231459479,,1.689755465,,0.878269115,,0.935490855,,1.000729041
590,C097,1/2/2019,,-0.625386221,,1.406019454,,0.351953812,,0.363204442,,0.550866856
591,C097,1/3/2019,,-0.870554763,,1.00032447,,0.410703401,,0.469601728,,0.093017973
592,C097,1/4/2019,,-1.035517201,,0.791545856,,0.533496502,,0.334213395,,-0.384388324
593,C097,1/5/2019,,-1.207078898,,0.57386788,,0.305937486,,0.473380893,,-0.455539189
594,C097,1/6/2019,,-1.105824417,,0.605435089,,-0.028537618,,0.493018032,,-0.389484723
595,C097,1/7/2019,,-1.278219053,,0.781549394,,0.119522102,,0.396566041,,-0.427571467
596,C098,1/1/2019,,5.988474261,,6.223313167,,5.931533341,,5.712924853,,4.962097902
597,C098,1/2/2019,,6.095850846,,6.150798661,,6.026663338,,5.809217395,,5.322577371
598,C098,1/3/2019,,6.102600034,,5.916495217,,6.332808987,,6.162872711,,5.355170286
599,C098,1/4/2019,,6.033172164,,5.744993016,,6.586980413,,6.216905484,,5.163261072
600,C098,1/5/2019,,5.964812836,,5.626829867,,6.525930722,,6.378142303,,5.214691503
601,C098,1/6/2019,,6.090957922,,5.675161765,,6.383207764,,6.456609944,,5.330642603
602,C098,1/7/2019,,6.039622684,,5.806878026,,6.510854521,,6.458363876,,5.431693609
603,C099,1/1/2019,,1.448297073,,2.451418957,,1.632703883,,1.162660769,,-0.206683105
604,C099,1/2/2019,,1.660522866,,2.730107356,,1.828645713,,1.421771526,,0.725849553
605,C099,1/3/2019,,1.726157293,,2.684471802,,2.293598378,,1.963458128,,1.021769087
606,C099,1/4/2019,,1.700656261,,2.648372213,,2.632527328,,2.115944325,,0.938122943
607,C099,1/5/2019,,1.641654411,,2.580286565,,2.586124279,,2.356907714,,1.138244939
608,C099,1/6/2019,,1.822417707,,2.699537294,,2.425597838,,2.478431178,,1.448343479
609,C099,1/7/2019,,1.750006724,,2.916316885,,2.608324491,,2.527367552,,1.605390614
610,C100,1/1/2019,,24.31653123,,24.30946731,,24.00974005,,24.04180405,,23.40470544
611,C100,1/2/2019,,24.19639699,,24.1098784,,23.87846436,,23.87491276,,23.06215678
612,C100,1/3/2019,,24.16748805,,23.96421962,,23.69466797,,23.68248058,,22.91388109
613,C100,1/4/2019,,24.0384604,,23.83481626,,23.56908839,,23.57836644,,22.86563962
614,C100,1/5/2019,,24.02433969,,23.8168212,,23.50781797,,23.59380081,,22.71327242
615,C100,1/6/2019,,23.96384302,,23.75137418,,23.48235978,,23.58282594,,22.68048733
616,C100,1/7/2019,,23.99919504,,23.70160546,,23.38371567,,23.47867521,,22.56192378
617,C101,1/1/2019,,25.98306249,,26.5219284,,25.88147126,,26.05164612,,25.754191
618,C101,1/2/2019,,25.99897401,,26.45819784,,25.80073624,,25.96441357,,25.57900423
619,C101,1/3/2019,,26.05719766,,26.41586489,,25.61290903,,25.76804695,,25.557349
620,C101,1/4/2019,,25.95488058,,26.37099742,,25.46649139,,25.68578527,,25.61363071
621,C101,1/5/2019,,25.98775015,,26.39680724,,25.41728371,,25.70124224,,25.50063119
622,C101,1/6/2019,,25.94638996,,26.32128582,,25.42120269,,25.67291159,,25.54050994
623,C101,1/7/2019,,25.99579992,,26.26605005,,25.30467092,,25.56323669,,25.4174271
624,C102,1/1/2019,,3.101687526,,3.781791981,,3.13113907,,2.470230296,,1.904675222
625,C102,1/2/2019,,3.263357474,,3.941749643,,3.293414683,,2.610516312,,2.39853921
626,C102,1/3/2019,,3.305783832,,3.835622468,,3.697165348,,3.0603309,,2.47675935
627,C102,1/4/2019,,3.265911028,,3.756162439,,4.016382194,,3.150832134,,2.288040293
628,C102,1/5/2019,,3.216086979,,3.66489252,,3.965057665,,3.358003176,,2.399989715
629,C102,1/6/2019,,3.375675768,,3.749022959,,3.810649758,,3.453972062,,2.60449773
630,C102,1/7/2019,,3.29290302,,3.931826957,,3.973613141,,3.478271281,,2.713392644
631,C103,1/1/2019,,1.234266181,,2.388148888,,1.928960163,,1.801666809,,2.055677598
632,C103,1/2/2019,,1.410119895,,2.552530648,,2.229517978,,1.758775195,,2.25021771
633,C103,1/3/2019,,1.453640973,,2.434554316,,2.749042446,,2.131651181,,2.176784591
634,C103,1/4/2019,,1.418812211,,2.361388928,,3.125617872,,2.175417381,,1.922376372
635,C103,1/5/2019,,1.350521898,,2.270170176,,3.10684223,,2.364450575,,1.958799618
636,C103,1/6/2019,,1.52750722,,2.376541284,,2.973430343,,2.441435584,,2.121079991
637,C103,1/7/2019,,1.451864433,,2.585227085,,3.159417359,,2.436512913,,2.208856324
638,C104,1/1/2019,,28.32714287,,28.94182827,,27.97946865,,28.19133747,,28.1009118
639,C104,1/2/2019,,28.3350665,,28.89705897,,27.90003896,,28.18926702,,27.87259897
640,C104,1/3/2019,,28.41053021,,28.88653419,,27.68183505,,28.0085769,,27.86108775
641,C104,1/4/2019,,28.31708453,,28.88176145,,27.49391442,,27.9511505,,27.97050979
642,C104,1/5/2019,,28.35793604,,28.92710904,,27.44501018,,27.98349353,,27.85909345
643,C104,1/6/2019,,28.30160792,,28.84196956,,27.46820575,,27.95606722,,27.9428223
644,C104,1/7/2019,,28.36762253,,28.77411773,,27.33581719,,27.86923627,,27.83406839
645,C105,1/1/2019,,2.034168725,,3.685517287,,3.551077315,,2.604289496,,2.730815355
646,C105,1/2/2019,,1.539060088,,3.27960574,,3.179004521,,1.94299043,,2.224858278
647,C105,1/3/2019,,1.231993446,,2.818682121,,3.269925795,,1.97304764,,1.769624825
648,C105,1/4/2019,,1.024739111,,2.557193918,,3.42916237,,1.80796502,,1.284434115
649,C105,1/5/2019,,0.834755177,,2.32554517,,3.254383148,,1.913580533,,1.172982077
650,C105,1/6/2019,,0.900890557,,2.322318125,,2.984908247,,1.912758303,,1.190467853
651,C105,1/7/2019,,0.730260562,,2.453101494,,3.114862246,,1.799785557,,1.172560848
652,C106,1/1/2019,,21.51303991,,21.56342114,,21.44788398,,21.35138454,,20.37810286
653,C106,1/2/2019,,21.61956482,,21.64788654,,21.49031034,,21.30389451,,20.30529429
654,C106,1/3/2019,,21.69144272,,21.65901788,,21.45578009,,21.21807261,,20.26049034
655,C106,1/4/2019,,21.62198897,,21.6077811,,21.43655749,,21.15923258,,20.23488125
656,C106,1/5/2019,,21.64351271,,21.64444085,,21.41353029,,21.19769564,,20.13687345
657,C106,1/6/2019,,21.63469129,,21.64302574,,21.4047822,,21.2175071,,20.1285123
658,C106,1/7/2019,,21.67976074,,21.64869389,,21.34581396,,21.13004862,,20.04179499
659,C107,1/1/2019,,6.13805588,,6.754358375,,6.880742634,,6.129989458,,6.153581868
660,C107,1/2/2019,,5.532500682,,6.083848191,,6.278376404,,5.188896563,,5.434599377
661,C107,1/3/2019,,5.15834316,,5.484309194,,6.161260379,,4.994221991,,4.916523033
662,C107,1/4/2019,,4.907285737,,5.120434903,,6.196699566,,4.71623921,,4.368437077
663,C107,1/5/2019,,4.700581141,,4.858458835,,5.971565594,,4.736924662,,4.153130598
664,C107,1/6/2019,,4.712036436,,4.808563391,,5.682840275,,4.692062552,,4.025878892
665,C107,1/7/2019,,4.574928678,,4.874497676,,5.75660062,,4.523951603,,3.994120107
666,C108,1/1/2019,,21.39383975,,22.14803208,,21.55643694,,20.73862665,,19.97630052
667,C108,1/2/2019,,21.44552929,,22.14703314,,21.60343762,,20.7917832,,19.95480772
668,C108,1/3/2019,,21.48946,,22.11016814,,21.57021346,,20.77306854,,19.94257808
669,C108,1/4/2019,,21.40632908,,22.0311463,,21.55299452,,20.74222629,,19.93406388
670,C108,1/5/2019,,21.41323296,,22.05165356,,21.53422572,,20.79944654,,19.84510463
671,C108,1/6/2019,,21.39301886,,22.03785473,,21.52875182,,20.83708067,,19.86177777
672,C108,1/7/2019,,21.43155153,,22.02793681,,21.47276254,,20.77204715,,19.79278377
673,C109,1/1/2019,,-1.076781014,,0.667633046,,-0.045144048,,-0.459057762,,-1.06928932
674,C109,1/2/2019,,-0.975628865,,0.953018278,,0.229393934,,-0.262945775,,-0.475541631
675,C109,1/3/2019,,-0.964686423,,0.895703725,,0.784260017,,0.281433602,,-0.377476118
676,C109,1/4/2019,,-1.009505696,,0.870613213,,1.177959484,,0.428567569,,-0.564307972
677,C109,1/5/2019,,-1.107066686,,0.791370938,,1.155264268,,0.684153802,,-0.423443658
678,C109,1/6/2019,,-0.921099899,,0.925020808,,1.00142871,,0.80136502,,-0.133172642
679,C109,1/7/2019,,-1.01796836,,1.168123661,,1.212283723,,0.841792324,,-0.039581203
680,C110,1/1/2019,,26.50727403,,26.66315029,,26.03745402,,26.49694736,,26.15168332
681,C110,1/2/2019,,26.45861014,,26.61105767,,25.98703383,,26.45633443,,25.8909876
682,C110,1/3/2019,,26.48582584,,26.57893239,,25.81637765,,26.27738695,,25.82382889
683,C110,1/4/2019,,26.37042091,,26.53798747,,25.67827334,,26.2135713,,25.86279558
684,C110,1/5/2019,,26.3868792,,26.56823745,,25.63667754,,26.23886767,,25.73067712
685,C110,1/6/2019,,26.33232167,,26.49678554,,25.64790081,,26.22345532,,25.74188492
686,C110,1/7/2019,,26.38097306,,26.44295029,,25.53296292,,26.13189149,,25.61599745
687,C111,1/1/2019,,27.36806205,,27.89919948,,26.99219879,,27.26013513,,27.19925144
688,C111,1/2/2019,,27.30630793,,27.77857024,,26.85683426,,27.16562389,,26.90106095
689,C111,1/3/2019,,27.33347365,,27.71173162,,26.61893132,,26.94623542,,26.82816925
690,C111,1/4/2019,,27.21313891,,27.66191233,,26.43396168,,26.85953595,,26.87829732
691,C111,1/5/2019,,27.23457461,,27.68254424,,26.37173755,,26.87196579,,26.74217302
692,C111,1/6/2019,,27.17438522,,27.59091972,,26.37307263,,26.83951923,,26.77895384
693,C111,1/7/2019,,27.22465133,,27.51985751,,26.24304188,,26.73384601,,26.65348165
694,C112,1/1/2019,,20.43388584,,20.88017992,,20.65154582,,20.42087816,,19.54738081
695,C112,1/2/2019,,20.64246009,,21.04186817,,20.77973771,,20.46457757,,19.64422057
696,C112,1/3/2019,,20.76256458,,21.09621344,,20.80923804,,20.44813238,,19.69031022
697,C112,1/4/2019,,20.72207362,,21.06589147,,20.83173112,,20.42170708,,19.71376721
698,C112,1/5/2019,,20.76057192,,21.11877196,,20.82887161,,20.48303476,,19.65429623
699,C112,1/6/2019,,20.77240025,,21.13854297,,20.8318574,,20.5186804,,19.69210357
700,C112,1/7/2019,,20.82553211,,21.15828229,,20.78863528,,20.45547429,,19.62944601
